title,description
Sunrise City,An upbeat synth-pop anthem from Neon Echo with bright melodies and feel-good energy that captures the euphoria of a perfect morning.
Midnight Coding,A late-night lofi gem from LoRoom featuring dusty piano loops and soft drum patterns ideal for deep work sessions.
Storm Runner,A driving rock track from Voltline with thunderous drums and high-octane guitar riffs built for adrenaline-fueled moments.
Library Rain,A peaceful lofi piece by Paper Lanterns blending gentle rain sounds with mellow keys for ultimate study focus.
Gym Hero,A high-energy pop banger from Max Pulse engineered for workouts with pulsing beats and motivational hooks.
Spacewalk Thoughts,An ambient soundscape by Orbit Bloom featuring spacious synth pads and floating textures evoking weightless contemplation.
Coffee Shop Stories,A relaxed jazz piece from Slow Stereo with warm acoustic instrumentation perfect for a cozy afternoon.
Night Drive Loop,A moody synthwave track by Neon Echo with retro 80s synths and cinematic vibes ideal for late-night drives.
Focus Flow,A productivity-focused lofi track from LoRoom with steady beats and minimal melody designed to keep you in the zone.
Rooftop Lights,An indie pop celebration by Indigo Parade with shimmering guitars and danceable rhythms capturing summer night joy.
Street Vibes,An energetic hip-hop track from Urban Beats with confident flows and bouncy production rooted in city culture.
Digital Euphoria,A maximalist EDM banger by Synth Wave Crew with euphoric drops and pulsing synths built for dance floors.
Moonlit Sonata,A romantic classical piece from Classical Dreams featuring gentle piano and strings evoking moonlit elegance.
Highway Home,A nostalgic country song by Country Roads with warm acoustic guitar and reflective lyrics about returning home.
Velvet Dreams,A smooth R&B groove from R&B Smooth with silky vocals and lush production designed for romantic moments.
Inner Thoughts,A introspective hip-hop track from Cipher Mind with thoughtful lyrics and a contemplative mood that hits deep.
Neon Nights,A high-energy EDM track from Pulse Synth with driving basslines and electric synths perfect for nightlife.
Peaceful Composition,A serene classical piece by String Quartet with delicate strings and acoustic textures inviting deep calm.
Lost in Time,A melancholic country ballad by Folk Tales with sparse guitar and reflective vocals about looking back.
